-- MySQL dump 10.13  Distrib 5.5.47, for debian-linux-gnu (x86_64)
--
-- Host: localhost    Database: henslowe4_development
-- ------------------------------------------------------
-- Server version	5.5.47-0ubuntu0.14.04.1

/*!40101 SET @OLD_CHARACTER_SET_CLIENT=@@CHARACTER_SET_CLIENT */;
/*!40101 SET @OLD_CHARACTER_SET_RESULTS=@@CHARACTER_SET_RESULTS */;
/*!40101 SET @OLD_COLLATION_CONNECTION=@@COLLATION_CONNECTION */;
/*!40101 SET NAMES utf8 */;
/*!40103 SET @OLD_TIME_ZONE=@@TIME_ZONE */;
/*!40103 SET TIME_ZONE='+00:00' */;
/*!40014 SET @OLD_UNIQUE_CHECKS=@@UNIQUE_CHECKS, UNIQUE_CHECKS=0 */;
/*!40014 SET @OLD_FOREIGN_KEY_CHECKS=@@FOREIGN_KEY_CHECKS, FOREIGN_KEY_CHECKS=0 */;
/*!40101 SET @OLD_SQL_MODE=@@SQL_MODE, SQL_MODE='NO_AUTO_VALUE_ON_ZERO' */;
/*!40111 SET @OLD_SQL_NOTES=@@SQL_NOTES, SQL_NOTES=0 */;

--
-- Table structure for table `acts`
--

DROP TABLE IF EXISTS `acts`;
/*!40101 SET @saved_cs_client     = @@character_set_client */;
/*!40101 SET character_set_client = utf8 */;
CREATE TABLE `acts` (
  `id` int(11) NOT NULL AUTO_INCREMENT,
  `act_number` int(11) DEFAULT NULL,
  `play_id` int(11) DEFAULT NULL,
  `created_at` datetime NOT NULL,
  `updated_at` datetime NOT NULL,
  `summary` text COLLATE utf8_unicode_ci,
  PRIMARY KEY (`id`),
  KEY `index_acts_on_play_id` (`play_id`) USING BTREE
) ENGINE=InnoDB AUTO_INCREMENT=7 DEFAULT CHARSET=utf8 COLLATE=utf8_unicode_ci;
/*!40101 SET character_set_client = @saved_cs_client */;

--
-- Dumping data for table `acts`
--

LOCK TABLES `acts` WRITE;
/*!40000 ALTER TABLE `acts` DISABLE KEYS */;
INSERT INTO `acts` VALUES (1,1,1,'2016-02-07 04:08:24','2016-02-07 19:37:27','Exposition: Duke has died, and there has been a military victory (these events are possibly related). \nThe Cardinal and Ferdinand tell the Duchess not to marry again. She immediately marries Antonio, her household steward.'),(2,2,1,'2016-02-07 04:08:24','2016-02-07 19:38:09','The Duchess gives birth to a son. Antonio drops the baby\'s horoscope and Bosola finds it. He sends a letter to the Cardinal and Ferdinand, who are very upset.'),(3,3,1,'2016-02-07 04:10:35','2016-02-07 19:40:27','Ferdinand comes to the Duchess\' palace. He sneaks into her bedroom and threatens her with his poniard. Frightened, the Duchess pretends to banish Antonio. She follows him, and they are both banished from Ancona. They separate, hoping to improve their chances of at least one surviving. The Duchess is captured and returned to her palace, now a prison.'),(4,4,1,'2016-02-07 04:10:35','2016-02-07 19:41:44','Ferdinand visits the Duchess and shows her wax figures which he claims are Antonio and their son\'s dead bodies. He tortures the Duchess and eventually has her, Cariola, and the babies executed. He then goes mad with grief and regret.'),(5,5,1,'2016-02-07 04:10:35','2016-02-07 19:43:23','Antonio and Delio go to the Cardinal\'s palace, hoping to be reconciled to him. Ferdinand is kept there, undergoing treatment for lycanthropia. Nearly everyone dies. Delio ends the play by asking that Antonio\'s son be set up as the new duke.'),(6,1,2,'2016-02-07 22:40:47','2016-02-07 22:40:47','');
/*!40000 ALTER TABLE `acts` ENABLE KEYS */;
UNLOCK TABLES;

--
-- Table structure for table `authors`
--

DROP TABLE IF EXISTS `authors`;
/*!40101 SET @saved_cs_client     = @@character_set_client */;
/*!40101 SET character_set_client = utf8 */;
CREATE TABLE `authors` (
  `id` int(11) NOT NULL AUTO_INCREMENT,
  `first_name` varchar(255) COLLATE utf8_unicode_ci DEFAULT NULL,
  `last_name` varchar(255) COLLATE utf8_unicode_ci DEFAULT NULL,
  `birth_date` date DEFAULT NULL,
  `death_date` date DEFAULT NULL,
  `bio` text COLLATE utf8_unicode_ci,
  `created_at` datetime NOT NULL,
  `updated_at` datetime NOT NULL,
  PRIMARY KEY (`id`)
) ENGINE=InnoDB AUTO_INCREMENT=3 DEFAULT CHARSET=utf8 COLLATE=utf8_unicode_ci;
/*!40101 SET character_set_client = @saved_cs_client */;

--
-- Dumping data for table `authors`
--

LOCK TABLES `authors` WRITE;
/*!40000 ALTER TABLE `authors` DISABLE KEYS */;
INSERT INTO `authors` VALUES (1,'John','Webster','1580-01-01','1634-01-01','Contemporary of Shakespeare\'s, few surviving plays or details.','2016-02-07 03:56:16','2016-02-07 03:56:16'),(2,'Tom','Stoppard','1937-07-03',NULL,'Sir Tom Stoppard is a British playwright and screenwriter, knighted in 1997. He has written prolifically for TV, radio, film and stage, finding prominence with plays such as Arcadia, The Coast of Utopia, Every Good Boy Deserves Favour, Professional Foul, The Real Thing, and Rosencrantz and Guildenstern Are Dead. He co-wrote the screenplays for Brazil, The Russia House, and Shakespeare in Love, and has received one Academy Award and four Tony Awards. Themes of human rights, censorship and political freedom pervade his work along with exploration of linguistics and philosophy. Stoppard has been a key playwright of the National Theatre and is one of the most internationally performed dramatists of his generation.\r\n\r\nBorn in Czechoslovakia, Stoppard left as a child refugee, fleeing imminent Nazi occupation. He settled with his family in Britain after the war, in 1946, having spent the three years prior (1943–46) in a boarding school in Darjeeling in the Indian Himalayas. After being educated at schools in Nottingham and Yorkshire, Stoppard became a journalist, a drama critic and then, in 1960, a playwright. He has been married three times, to Josie Ingle (m. 1965), then Miriam Stoppard (m. 1972), and Sabrina Guinness (m. 2014).','2016-02-07 22:27:25','2016-02-07 22:27:25');
/*!40000 ALTER TABLE `authors` ENABLE KEYS */;
UNLOCK TABLES;

--
-- Table structure for table `characters`
--

DROP TABLE IF EXISTS `characters`;
/*!40101 SET @saved_cs_client     = @@character_set_client */;
/*!40101 SET character_set_client = utf8 */;
CREATE TABLE `characters` (
  `id` int(11) NOT NULL AUTO_INCREMENT,
  `name` varchar(255) COLLATE utf8_unicode_ci DEFAULT NULL,
  `age` varchar(255) COLLATE utf8_unicode_ci DEFAULT NULL,
  `gender` text COLLATE utf8_unicode_ci,
  `play_id` int(11) DEFAULT NULL,
  `created_at` datetime NOT NULL,
  `updated_at` datetime NOT NULL,
  PRIMARY KEY (`id`),
  KEY `index_characters_on_play_id` (`play_id`) USING BTREE,
  CONSTRAINT `fk_rails_fdf2389150` FOREIGN KEY (`play_id`) REFERENCES `plays` (`id`)
) ENGINE=InnoDB AUTO_INCREMENT=53 DEFAULT CHARSET=utf8 COLLATE=utf8_unicode_ci;
/*!40101 SET character_set_client = @saved_cs_client */;

--
-- Dumping data for table `characters`
--

LOCK TABLES `characters` WRITE;
/*!40000 ALTER TABLE `characters` DISABLE KEYS */;
INSERT INTO `characters` VALUES (1,'Bosola','Adult','Male',1,'2016-02-07 04:11:16','2016-02-07 04:11:16'),(2,'Ferdinand','Adult','Male',1,'2016-02-07 04:11:27','2016-02-07 04:11:27'),(3,'Cardinal','Adult','Male',1,'2016-02-07 04:11:38','2016-02-07 04:11:38'),(4,'Antonio','Adult','Male',1,'2016-02-07 04:11:50','2016-02-07 04:11:50'),(5,'Delio','Adult','Male',1,'2016-02-07 04:12:00','2016-02-07 04:12:00'),(6,'Forobosco','Adult','Male',1,'2016-02-07 04:12:14','2016-02-07 04:12:14'),(7,'Malateste','Adult','Male',1,'2016-02-07 04:12:24','2016-02-07 04:12:41'),(8,'Pescara','Adult','Male',1,'2016-02-07 04:12:54','2016-02-07 04:12:54'),(9,'Silvio','Adult','Male',1,'2016-02-07 04:13:06','2016-02-07 04:13:06'),(10,'Madman 1','Adult','Neutral',1,'2016-02-07 04:13:29','2016-02-07 04:13:29'),(11,'Madman 2','Adult','Neutral',1,'2016-02-07 04:13:41','2016-02-07 14:55:39'),(12,'Madman 3','Adult','Neutral',1,'2016-02-07 04:13:57','2016-02-07 04:13:57'),(13,'Madman 4','Adult','Neutral',1,'2016-02-07 04:14:08','2016-02-07 04:14:08'),(14,'Madman 5','Adult','Neutral',1,'2016-02-07 04:14:21','2016-02-07 04:14:21'),(15,'Madman 6','Adult','Neutral',1,'2016-02-07 04:14:30','2016-02-07 04:14:30'),(16,'Madman 7','Adult','Neutral',1,'2016-02-07 04:14:41','2016-02-07 04:14:41'),(17,'Madman 8','Adult','Neutral',1,'2016-02-07 04:14:51','2016-02-07 04:14:51'),(18,'Duchess','Adult','Female',1,'2016-02-07 04:15:07','2016-02-07 04:15:07'),(19,'Cariola','Adult','Female',1,'2016-02-07 04:15:31','2016-02-07 04:15:31'),(20,'Officer 1','Adult','Male',1,'2016-02-07 04:15:44','2016-02-07 04:15:44'),(21,'Officer 2','Adult','Male',1,'2016-02-07 04:15:54','2016-02-07 04:15:54'),(22,'Officer 3','Adult','Male',1,'2016-02-07 04:16:02','2016-02-07 04:16:02'),(23,'Officer 4','Adult','Male',1,'2016-02-07 04:16:13','2016-02-07 04:16:13'),(24,'Antonio\'s son','Child','Male',1,'2016-02-07 04:16:28','2016-02-07 16:27:36'),(25,'Pilgrim 1','Adult','Neutral',1,'2016-02-07 04:16:40','2016-02-07 04:16:40'),(26,'Pilgrim 2','Adult','Neutral',1,'2016-02-07 04:16:50','2016-02-07 04:16:50'),(27,'Servant 1','Adult','Neutral',1,'2016-02-07 04:16:58','2016-02-07 04:16:58'),(28,'Servant 2','Adult','Neutral',1,'2016-02-07 04:17:07','2016-02-07 04:17:07'),(29,'Servant 3','Adult','Neutral',1,'2016-02-07 04:17:17','2016-02-07 04:17:17'),(30,'Servant 4','Adult','Neutral',1,'2016-02-07 04:17:28','2016-02-07 04:17:28'),(31,'Castruccio','Adult','Male',1,'2016-02-07 14:53:32','2016-02-07 14:53:32'),(32,'Julia','Adult','Female',1,'2016-02-07 14:53:42','2016-02-07 14:53:42'),(33,'Roderigo','Adult','Male',1,'2016-02-07 15:18:58','2016-02-07 15:18:58'),(34,'Grisolan','Adult','Male',1,'2016-02-07 15:19:11','2016-02-07 15:19:11'),(35,'Old Lady','Senior','Female',1,'2016-02-07 15:19:22','2016-02-07 15:19:22'),(36,'Doctor','Adult','Male',1,'2016-02-07 15:19:46','2016-02-07 15:19:46'),(37,'Echo','Adult','Female',1,'2016-02-07 15:20:05','2016-02-07 15:20:05'),(38,'Executioner 1','Adult','Male',1,'2016-02-07 15:20:23','2016-02-07 15:20:23'),(39,'Executioner 2','Adult','Male',1,'2016-02-07 15:20:34','2016-02-07 15:20:34'),(40,'Soldier 1','Adult','Male',1,'2016-02-07 16:05:17','2016-02-07 16:05:17'),(41,'Soldier 2','Adult','Male',1,'2016-02-07 16:05:28','2016-02-07 16:05:28'),(42,'Soldier 3','Adult','Male',1,'2016-02-07 16:05:38','2016-02-07 16:05:38'),(43,'Soldier 4','Adult','Male',1,'2016-02-07 16:05:48','2016-02-07 16:05:48'),(44,'Servant 5','Adult','Neutral',1,'2016-02-07 16:24:15','2016-02-07 16:24:15'),(45,'Moon','Adult','Male',2,'2016-02-07 22:31:55','2016-02-07 22:31:55'),(46,'Birdboot','Adult','Male',2,'2016-02-07 22:32:08','2016-02-07 22:32:08'),(47,'Mrs. Drudge','Adult','Female',2,'2016-02-07 22:32:21','2016-02-07 22:32:21'),(48,'Simon','Adult','Male',2,'2016-02-07 22:32:36','2016-02-07 22:32:36'),(49,'Felicity','Adult','Female',2,'2016-02-07 22:32:46','2016-02-07 22:32:46'),(50,'Cynthia','Adult','Female',2,'2016-02-07 22:32:56','2016-02-07 22:32:56'),(51,'Magnus','Adult','Male',2,'2016-02-07 22:33:11','2016-02-07 22:33:11'),(52,'Inspector Hound','Adult','Male',2,'2016-02-07 22:33:23','2016-02-07 22:33:23');
/*!40000 ALTER TABLE `characters` ENABLE KEYS */;
UNLOCK TABLES;

--
-- Table structure for table `french_scenes`
--

DROP TABLE IF EXISTS `french_scenes`;
/*!40101 SET @saved_cs_client     = @@character_set_client */;
/*!40101 SET character_set_client = utf8 */;
CREATE TABLE `french_scenes` (
  `id` int(11) NOT NULL AUTO_INCREMENT,
  `french_scene_number` varchar(255) COLLATE utf8_unicode_ci DEFAULT NULL,
  `scene_id` int(11) DEFAULT NULL,
  `created_at` datetime NOT NULL,
  `updated_at` datetime NOT NULL,
  PRIMARY KEY (`id`),
  KEY `index_french_scenes_on_scene_id` (`scene_id`) USING BTREE,
  CONSTRAINT `fk_rails_c02c697eed` FOREIGN KEY (`scene_id`) REFERENCES `scenes` (`id`)
) ENGINE=InnoDB AUTO_INCREMENT=142 DEFAULT CHARSET=utf8 COLLATE=utf8_unicode_ci;
/*!40101 SET character_set_client = @saved_cs_client */;

--
-- Dumping data for table `french_scenes`
--

LOCK TABLES `french_scenes` WRITE;
/*!40000 ALTER TABLE `french_scenes` DISABLE KEYS */;
INSERT INTO `french_scenes` VALUES (1,'a',1,'2016-02-07 04:18:34','2016-02-07 04:18:34'),(2,'b',1,'2016-02-07 04:18:34','2016-02-07 04:18:34'),(3,'c',1,'2016-02-07 04:18:34','2016-02-07 04:18:34'),(4,'a',3,'2016-02-07 15:28:45','2016-02-07 15:28:45'),(5,'b',3,'2016-02-07 15:28:45','2016-02-07 15:28:45'),(6,'c',3,'2016-02-07 15:38:35','2016-02-07 15:38:35'),(7,'d',3,'2016-02-07 15:38:35','2016-02-07 15:38:35'),(8,'e',3,'2016-02-07 15:38:35','2016-02-07 15:38:35'),(9,'f',3,'2016-02-07 15:38:35','2016-02-07 15:38:35'),(10,'g',3,'2016-02-07 15:38:35','2016-02-07 15:38:35'),(11,'h',3,'2016-02-07 15:38:35','2016-02-07 15:38:35'),(12,'i',3,'2016-02-07 15:38:35','2016-02-07 15:38:35'),(13,'j',3,'2016-02-07 15:38:35','2016-02-07 15:38:35'),(14,'k',3,'2016-02-07 15:38:35','2016-02-07 15:38:56'),(15,'a',2,'2016-02-07 15:42:12','2016-02-07 15:42:12'),(16,'b',2,'2016-02-07 15:42:12','2016-02-07 15:42:12'),(17,'c',2,'2016-02-07 15:42:12','2016-02-07 15:42:12'),(18,'d',2,'2016-02-07 15:42:12','2016-02-07 15:42:12'),(19,'e',2,'2016-02-07 15:42:13','2016-02-07 15:42:13'),(20,'f',2,'2016-02-07 15:42:13','2016-02-07 15:42:13'),(21,'a',4,'2016-02-07 15:46:00','2016-02-07 15:46:00'),(22,'b',4,'2016-02-07 15:46:00','2016-02-07 15:46:00'),(23,'c',4,'2016-02-07 15:46:00','2016-02-07 15:46:00'),(24,'d',4,'2016-02-07 15:53:20','2016-02-07 15:53:20'),(25,'e',4,'2016-02-07 15:53:20','2016-02-07 15:53:20'),(26,'f',4,'2016-02-07 15:53:20','2016-02-07 15:53:20'),(27,'a',5,'2016-02-07 15:54:02','2016-02-07 15:54:02'),(28,'b',5,'2016-02-07 15:54:02','2016-02-07 15:54:02'),(29,'c',5,'2016-02-07 15:54:02','2016-02-07 15:54:02'),(30,'a',6,'2016-02-07 15:55:40','2016-02-07 15:55:40'),(31,'b',6,'2016-02-07 15:55:40','2016-02-07 15:55:40'),(32,'c',6,'2016-02-07 15:55:40','2016-02-07 15:55:40'),(33,'d',6,'2016-02-07 15:55:40','2016-02-07 15:55:40'),(34,'e',6,'2016-02-07 15:55:40','2016-02-07 15:55:40'),(35,'f',6,'2016-02-07 15:55:40','2016-02-07 15:55:40'),(36,'a',7,'2016-02-07 15:56:31','2016-02-07 15:56:31'),(37,'a',8,'2016-02-07 15:57:39','2016-02-07 15:57:39'),(38,'b',8,'2016-02-07 15:57:39','2016-02-07 15:57:39'),(39,'c',8,'2016-02-07 15:57:39','2016-02-07 15:57:39'),(40,'a',9,'2016-02-07 16:00:22','2016-02-07 16:00:22'),(41,'b',9,'2016-02-07 16:00:22','2016-02-07 16:00:22'),(42,'c',9,'2016-02-07 16:00:22','2016-02-07 16:00:22'),(43,'d',9,'2016-02-07 16:00:22','2016-02-07 16:00:22'),(44,'e',9,'2016-02-07 16:00:22','2016-02-07 16:00:22'),(45,'f',9,'2016-02-07 16:00:22','2016-02-07 16:00:22'),(46,'g',9,'2016-02-07 16:00:22','2016-02-07 16:00:22'),(47,'h',9,'2016-02-07 16:00:22','2016-02-07 16:00:22'),(48,'i',9,'2016-02-07 16:00:22','2016-02-07 16:00:22'),(49,'a',10,'2016-02-07 16:01:43','2016-02-07 16:01:43'),(50,'b',10,'2016-02-07 16:01:43','2016-02-07 16:01:43'),(51,'a',11,'2016-02-07 16:03:07','2016-02-07 16:03:07'),(52,'b',11,'2016-02-07 16:03:07','2016-02-07 16:03:07'),(53,'c',11,'2016-02-07 16:03:07','2016-02-07 16:03:07'),(54,'a',12,'2016-02-07 16:05:03','2016-02-07 16:05:03'),(55,'b',12,'2016-02-07 16:05:03','2016-02-07 16:05:03'),(56,'c',12,'2016-02-07 16:05:03','2016-02-07 16:05:03'),(57,'d',12,'2016-02-07 16:05:03','2016-02-07 16:05:03'),(58,'a',13,'2016-02-07 16:08:03','2016-02-07 16:08:03'),(59,'b',13,'2016-02-07 16:08:03','2016-02-07 16:08:03'),(60,'c',13,'2016-02-07 16:08:03','2016-02-07 16:08:03'),(61,'d',13,'2016-02-07 16:08:03','2016-02-07 16:08:03'),(62,'e',13,'2016-02-07 16:08:03','2016-02-07 16:08:03'),(63,'f',13,'2016-02-07 16:08:03','2016-02-07 16:08:03'),(64,'a',14,'2016-02-07 16:12:41','2016-02-07 16:12:41'),(65,'b',14,'2016-02-07 16:12:41','2016-02-07 16:12:41'),(66,'c',14,'2016-02-07 16:12:41','2016-02-07 16:12:41'),(67,'d',14,'2016-02-07 16:12:41','2016-02-07 16:12:41'),(68,'e',14,'2016-02-07 16:12:41','2016-02-07 16:12:41'),(69,'f',14,'2016-02-07 16:12:41','2016-02-07 16:12:41'),(70,'g',14,'2016-02-07 16:12:41','2016-02-07 16:12:41'),(71,'h',14,'2016-02-07 16:12:41','2016-02-07 16:12:41'),(72,'i',14,'2016-02-07 16:12:41','2016-02-07 16:12:41'),(73,'a',15,'2016-02-07 16:15:57','2016-02-07 16:15:57'),(74,'b',15,'2016-02-07 16:15:57','2016-02-07 16:15:57'),(75,'c',15,'2016-02-07 16:15:57','2016-02-07 16:15:57'),(76,'d',15,'2016-02-07 16:15:57','2016-02-07 16:15:57'),(77,'e',15,'2016-02-07 16:15:57','2016-02-07 16:15:57'),(78,'a',16,'2016-02-07 16:19:46','2016-02-07 16:19:46'),(79,'b',16,'2016-02-07 16:19:46','2016-02-07 16:19:46'),(80,'c',16,'2016-02-07 16:19:46','2016-02-07 16:19:46'),(81,'d',16,'2016-02-07 16:19:46','2016-02-07 16:19:46'),(82,'e',16,'2016-02-07 16:19:46','2016-02-07 16:19:46'),(83,'f',16,'2016-02-07 16:19:47','2016-02-07 16:19:47'),(84,'g',16,'2016-02-07 16:19:47','2016-02-07 16:19:47'),(85,'h',16,'2016-02-07 16:19:47','2016-02-07 16:19:47'),(86,'i',16,'2016-02-07 16:19:47','2016-02-07 16:19:47'),(87,'j',16,'2016-02-07 16:19:47','2016-02-07 16:19:47'),(88,'k',16,'2016-02-07 16:19:47','2016-02-07 16:19:47'),(89,'l',16,'2016-02-07 16:19:47','2016-02-07 16:19:47'),(90,'a',17,'2016-02-07 16:20:15','2016-02-07 16:20:15'),(91,'a',18,'2016-02-07 16:23:56','2016-02-07 16:23:56'),(92,'b',18,'2016-02-07 16:23:56','2016-02-07 16:23:56'),(93,'c',18,'2016-02-07 16:23:56','2016-02-07 16:23:56'),(94,'d',18,'2016-02-07 16:23:56','2016-02-07 16:23:56'),(95,'e',18,'2016-02-07 16:23:56','2016-02-07 16:23:56'),(96,'f',18,'2016-02-07 16:25:03','2016-02-07 16:25:03'),(97,'g',18,'2016-02-07 16:25:03','2016-02-07 16:25:03'),(98,'a',19,'2016-02-07 16:27:16','2016-02-07 16:27:16'),(99,'b',19,'2016-02-07 16:27:16','2016-02-07 16:27:16'),(100,'c',19,'2016-02-07 16:27:16','2016-02-07 16:27:16'),(101,'d',19,'2016-02-07 16:27:16','2016-02-07 16:27:16'),(103,'f',19,'2016-02-07 16:27:16','2016-02-07 19:04:59'),(104,'g',19,'2016-02-07 16:27:16','2016-02-07 19:04:59'),(105,'e',19,'2016-02-07 19:04:59','2016-02-07 19:04:59'),(106,'a',20,'2016-02-07 22:40:47','2016-02-07 22:40:47'),(107,'b',20,'2016-02-07 22:40:47','2016-02-07 22:40:47'),(108,'c',20,'2016-02-07 22:40:47','2016-02-07 22:40:47'),(109,'d',20,'2016-02-07 22:40:47','2016-02-07 22:40:47'),(110,'e',20,'2016-02-07 22:40:47','2016-02-07 22:40:47'),(111,'g',20,'2016-02-07 22:40:47','2016-02-07 22:40:47'),(112,'h',20,'2016-02-07 22:40:47','2016-02-07 22:40:47'),(113,'f',20,'2016-02-07 22:40:47','2016-02-07 22:40:47'),(114,'i',20,'2016-02-08 01:01:10','2016-02-08 01:01:10'),(115,'j',20,'2016-02-08 01:01:10','2016-02-08 01:01:10'),(116,'k',20,'2016-02-08 01:01:10','2016-02-08 01:01:10'),(117,'l',20,'2016-02-08 01:01:10','2016-02-08 01:01:10'),(118,'m',20,'2016-02-08 01:01:10','2016-02-08 01:01:10'),(119,'n',20,'2016-02-08 01:01:10','2016-02-08 01:01:10'),(120,'o',20,'2016-02-08 01:01:10','2016-02-08 01:01:10'),(121,'p',20,'2016-02-08 01:01:10','2016-02-08 01:01:10'),(122,'q',20,'2016-02-08 01:01:10','2016-02-08 01:01:10'),(123,'r',20,'2016-02-08 01:01:10','2016-02-08 01:01:10'),(124,'s',20,'2016-02-08 01:01:10','2016-02-08 01:01:10'),(125,'t',20,'2016-02-08 01:01:10','2016-02-08 01:01:10'),(126,'u',20,'2016-02-08 01:01:10','2016-02-08 01:01:10'),(127,'v',20,'2016-02-08 01:01:10','2016-02-08 01:01:10'),(128,'w',20,'2016-02-08 01:01:10','2016-02-08 01:01:10'),(129,'x',20,'2016-02-08 01:01:10','2016-02-08 01:01:10'),(130,'y',20,'2016-02-08 01:01:10','2016-02-08 01:01:10'),(131,'z',20,'2016-02-08 01:01:10','2016-02-08 01:01:10'),(132,'za',20,'2016-02-08 01:01:10','2016-02-08 01:02:57'),(133,'zb',20,'2016-02-08 01:01:10','2016-02-08 01:02:57'),(134,'zc',20,'2016-02-08 01:01:10','2016-02-08 01:02:57'),(135,'zd',20,'2016-02-08 01:01:10','2016-02-08 01:02:57'),(136,'ze',20,'2016-02-08 01:01:10','2016-02-08 01:02:57'),(137,'zf',20,'2016-02-08 01:01:10','2016-02-08 01:02:57'),(138,'zg',20,'2016-02-08 01:01:10','2016-02-08 01:02:57'),(139,'zh',20,'2016-02-08 01:01:10','2016-02-08 01:02:57'),(140,'zi',20,'2016-02-08 01:01:10','2016-02-08 01:02:57'),(141,'zj',20,'2016-02-08 01:01:10','2016-02-08 01:02:57');
/*!40000 ALTER TABLE `french_scenes` ENABLE KEYS */;
UNLOCK TABLES;

--
-- Table structure for table `jobs`
--

DROP TABLE IF EXISTS `jobs`;
/*!40101 SET @saved_cs_client     = @@character_set_client */;
/*!40101 SET character_set_client = utf8 */;
CREATE TABLE `jobs` (
  `id` int(11) NOT NULL AUTO_INCREMENT,
  `user_id` int(11) DEFAULT NULL,
  `specialization_id` int(11) DEFAULT NULL,
  `production_id` int(11) DEFAULT NULL,
  `theater_id` int(11) DEFAULT NULL,
  `created_at` datetime NOT NULL,
  `updated_at` datetime NOT NULL,
  `start_date` date DEFAULT NULL,
  `end_date` date DEFAULT NULL,
  `character_id` int(11) DEFAULT NULL,
  PRIMARY KEY (`id`),
  KEY `index_jobs_on_production_id` (`production_id`) USING BTREE,
  KEY `index_jobs_on_specialization_id` (`specialization_id`) USING BTREE,
  KEY `index_jobs_on_theater_id` (`theater_id`) USING BTREE,
  KEY `index_jobs_on_user_id` (`user_id`) USING BTREE,
  CONSTRAINT `fk_rails_df6238c8a6` FOREIGN KEY (`user_id`) REFERENCES `users` (`id`),
  CONSTRAINT `fk_rails_266ba3ee4c` FOREIGN KEY (`production_id`) REFERENCES `productions` (`id`),
  CONSTRAINT `fk_rails_774e9c454c` FOREIGN KEY (`specialization_id`) REFERENCES `specializations` (`id`),
  CONSTRAINT `fk_rails_804ac349d2` FOREIGN KEY (`theater_id`) REFERENCES `theaters` (`id`)
) ENGINE=InnoDB DEFAULT CHARSET=utf8 COLLATE=utf8_unicode_ci;
/*!40101 SET character_set_client = @saved_cs_client */;

--
-- Dumping data for table `jobs`
--

LOCK TABLES `jobs` WRITE;
/*!40000 ALTER TABLE `jobs` DISABLE KEYS */;
/*!40000 ALTER TABLE `jobs` ENABLE KEYS */;
UNLOCK TABLES;

--
-- Table structure for table `on_stages`
--

DROP TABLE IF EXISTS `on_stages`;
/*!40101 SET @saved_cs_client     = @@character_set_client */;
/*!40101 SET character_set_client = utf8 */;
CREATE TABLE `on_stages` (
  `id` int(11) NOT NULL AUTO_INCREMENT,
  `character_id` int(11) DEFAULT NULL,
  `french_scene_id` int(11) DEFAULT NULL,
  `created_at` datetime NOT NULL,
  `updated_at` datetime NOT NULL,
  `nonspeaking` tinyint(1) DEFAULT NULL,
  PRIMARY KEY (`id`),
  KEY `index_on_stages_on_character_id` (`character_id`) USING BTREE,
  KEY `index_on_stages_on_french_scene_id` (`french_scene_id`) USING BTREE,
  CONSTRAINT `fk_rails_2e212aed28` FOREIGN KEY (`french_scene_id`) REFERENCES `french_scenes` (`id`),
  CONSTRAINT `fk_rails_fd57399309` FOREIGN KEY (`character_id`) REFERENCES `characters` (`id`)
) ENGINE=InnoDB AUTO_INCREMENT=520 DEFAULT CHARSET=utf8 COLLATE=utf8_unicode_ci;
/*!40101 SET character_set_client = @saved_cs_client */;

--
-- Dumping data for table `on_stages`
--

LOCK TABLES `on_stages` WRITE;
/*!40000 ALTER TABLE `on_stages` DISABLE KEYS */;
INSERT INTO `on_stages` VALUES (1,4,1,'2016-02-07 04:18:34','2016-02-07 04:18:34',NULL),(2,5,1,'2016-02-07 04:18:34','2016-02-07 04:18:34',NULL),(3,1,2,'2016-02-07 04:18:34','2016-02-07 04:18:34',NULL),(4,4,2,'2016-02-07 04:18:34','2016-02-07 04:18:34',NULL),(5,5,2,'2016-02-07 04:18:34','2016-02-07 04:18:34',NULL),(6,1,3,'2016-02-07 04:18:34','2016-02-07 04:18:34',NULL),(7,3,3,'2016-02-07 04:18:34','2016-02-07 04:18:34',NULL),(8,4,3,'2016-02-07 04:18:34','2016-02-07 04:18:34',NULL),(9,5,3,'2016-02-07 04:18:34','2016-02-07 04:18:34',NULL),(10,4,4,'2016-02-07 15:28:45','2016-02-07 15:28:45',NULL),(11,31,4,'2016-02-07 15:28:45','2016-02-07 15:28:45',NULL),(12,5,4,'2016-02-07 15:28:45','2016-02-07 15:28:45',NULL),(13,34,4,'2016-02-07 15:28:45','2016-02-07 15:28:45',NULL),(14,33,4,'2016-02-07 15:28:45','2016-02-07 15:28:45',NULL),(15,9,4,'2016-02-07 15:28:45','2016-02-07 15:28:45',NULL),(16,4,5,'2016-02-07 15:28:45','2016-02-07 15:28:45',NULL),(17,31,5,'2016-02-07 15:28:45','2016-02-07 18:04:19',1),(18,5,5,'2016-02-07 15:28:45','2016-02-07 15:28:45',NULL),(19,2,5,'2016-02-07 15:28:45','2016-02-07 15:28:45',NULL),(20,33,5,'2016-02-07 15:28:45','2016-02-07 15:28:45',NULL),(21,9,5,'2016-02-07 15:28:45','2016-02-07 15:28:45',NULL),(22,34,5,'2016-02-07 15:38:35','2016-02-07 15:38:35',NULL),(23,19,6,'2016-02-07 15:38:35','2016-02-07 15:38:35',NULL),(24,18,6,'2016-02-07 15:38:35','2016-02-07 18:06:41',1),(25,32,6,'2016-02-07 15:38:35','2016-02-07 18:01:55',1),(26,4,6,'2016-02-07 15:38:35','2016-02-07 15:38:35',NULL),(27,3,6,'2016-02-07 15:38:35','2016-02-07 18:06:55',0),(28,5,6,'2016-02-07 15:38:35','2016-02-07 15:38:35',NULL),(29,2,6,'2016-02-07 15:38:35','2016-02-07 15:38:35',NULL),(30,34,6,'2016-02-07 15:38:35','2016-02-07 15:38:35',NULL),(31,33,6,'2016-02-07 15:38:35','2016-02-07 18:07:07',1),(32,9,6,'2016-02-07 15:38:35','2016-02-07 15:38:35',NULL),(33,19,7,'2016-02-07 15:38:35','2016-02-07 18:03:20',1),(34,18,7,'2016-02-07 15:38:35','2016-02-07 15:38:35',NULL),(35,32,7,'2016-02-07 15:38:35','2016-02-07 18:03:29',1),(36,3,7,'2016-02-07 15:38:35','2016-02-07 18:07:42',1),(37,31,7,'2016-02-07 15:38:35','2016-02-07 18:03:57',1),(38,2,7,'2016-02-07 15:38:35','2016-02-07 15:38:35',NULL),(39,34,7,'2016-02-07 15:38:35','2016-02-07 18:07:49',1),(40,33,7,'2016-02-07 15:38:35','2016-02-07 18:07:53',1),(41,9,7,'2016-02-07 15:38:35','2016-02-07 15:38:35',NULL),(42,3,8,'2016-02-07 15:38:35','2016-02-07 15:38:35',NULL),(43,2,8,'2016-02-07 15:38:35','2016-02-07 15:38:35',NULL),(44,1,9,'2016-02-07 15:38:35','2016-02-07 15:38:35',NULL),(45,2,9,'2016-02-07 15:38:35','2016-02-07 15:38:35',NULL),(46,19,10,'2016-02-07 15:38:35','2016-02-07 18:08:12',1),(47,18,10,'2016-02-07 15:38:35','2016-02-07 15:38:35',NULL),(48,3,10,'2016-02-07 15:38:35','2016-02-07 15:38:35',NULL),(49,2,10,'2016-02-07 15:38:35','2016-02-07 15:38:35',NULL),(50,19,11,'2016-02-07 15:38:35','2016-02-07 18:08:31',1),(51,18,11,'2016-02-07 15:38:35','2016-02-07 15:38:35',NULL),(52,2,11,'2016-02-07 15:38:35','2016-02-07 15:38:35',NULL),(53,19,12,'2016-02-07 15:38:35','2016-02-07 15:38:35',NULL),(54,18,12,'2016-02-07 15:38:35','2016-02-07 15:38:35',NULL),(55,18,13,'2016-02-07 15:38:35','2016-02-07 15:38:35',NULL),(56,4,13,'2016-02-07 15:38:35','2016-02-07 15:38:35',NULL),(57,19,14,'2016-02-07 15:38:35','2016-02-07 15:38:35',NULL),(58,18,14,'2016-02-07 15:38:35','2016-02-07 15:38:35',NULL),(59,4,14,'2016-02-07 15:38:35','2016-02-07 15:38:35',NULL),(60,1,15,'2016-02-07 15:42:12','2016-02-07 15:42:12',NULL),(61,31,15,'2016-02-07 15:42:12','2016-02-07 15:42:12',NULL),(62,35,16,'2016-02-07 15:42:12','2016-02-07 15:42:12',NULL),(63,1,16,'2016-02-07 15:42:12','2016-02-07 15:42:12',NULL),(64,31,16,'2016-02-07 15:42:12','2016-02-07 18:29:55',1),(65,1,17,'2016-02-07 15:42:12','2016-02-07 15:42:12',NULL),(66,4,18,'2016-02-07 15:42:12','2016-02-07 15:42:12',NULL),(67,1,18,'2016-02-07 15:42:12','2016-02-07 15:42:12',NULL),(68,5,18,'2016-02-07 15:42:12','2016-02-07 15:42:12',NULL),(69,18,19,'2016-02-07 15:42:13','2016-02-07 15:42:13',NULL),(70,4,19,'2016-02-07 15:42:13','2016-02-07 15:42:13',NULL),(71,1,19,'2016-02-07 15:42:13','2016-02-07 15:42:13',NULL),(72,5,19,'2016-02-07 15:42:13','2016-02-07 15:42:13',NULL),(73,34,19,'2016-02-07 15:42:13','2016-02-07 18:30:29',1),(74,33,19,'2016-02-07 15:42:13','2016-02-07 18:30:34',1),(75,4,20,'2016-02-07 15:42:13','2016-02-07 15:42:13',NULL),(76,5,20,'2016-02-07 15:42:13','2016-02-07 15:42:13',NULL),(77,35,21,'2016-02-07 15:46:00','2016-02-07 15:46:00',NULL),(78,1,21,'2016-02-07 15:46:00','2016-02-07 15:46:00',NULL),(79,4,22,'2016-02-07 15:46:00','2016-02-07 15:46:00',NULL),(80,1,22,'2016-02-07 15:46:00','2016-02-07 18:31:26',1),(81,5,22,'2016-02-07 15:46:00','2016-02-07 18:31:16',1),(82,34,22,'2016-02-07 15:46:00','2016-02-07 15:46:00',NULL),(83,33,22,'2016-02-07 15:46:00','2016-02-07 15:46:00',NULL),(84,4,23,'2016-02-07 15:46:00','2016-02-07 15:46:00',NULL),(85,1,23,'2016-02-07 15:46:00','2016-02-07 15:46:00',NULL),(86,5,23,'2016-02-07 15:46:00','2016-02-07 15:46:00',NULL),(87,33,23,'2016-02-07 15:46:00','2016-02-07 15:46:00',NULL),(88,4,24,'2016-02-07 15:53:20','2016-02-07 15:53:20',NULL),(89,1,24,'2016-02-07 15:53:20','2016-02-07 15:53:20',NULL),(90,5,24,'2016-02-07 15:53:20','2016-02-07 18:32:04',1),(91,34,24,'2016-02-07 15:53:20','2016-02-07 18:31:59',1),(92,33,24,'2016-02-07 15:53:20','2016-02-07 15:53:20',NULL),(93,27,24,'2016-02-07 15:53:20','2016-02-07 15:53:20',NULL),(94,28,24,'2016-02-07 15:53:20','2016-02-07 15:53:20',NULL),(95,4,25,'2016-02-07 15:53:20','2016-02-07 15:53:20',NULL),(96,5,25,'2016-02-07 15:53:20','2016-02-07 15:53:20',NULL),(97,19,26,'2016-02-07 15:53:20','2016-02-07 15:53:20',NULL),(98,4,26,'2016-02-07 15:53:20','2016-02-07 15:53:20',NULL),(99,5,26,'2016-02-07 15:53:20','2016-02-07 15:53:20',NULL),(100,1,27,'2016-02-07 15:54:02','2016-02-07 15:54:02',NULL),(101,4,28,'2016-02-07 15:54:02','2016-02-07 15:54:02',NULL),(102,1,28,'2016-02-07 15:54:02','2016-02-07 15:54:02',NULL),(103,1,29,'2016-02-07 15:54:02','2016-02-07 15:54:02',NULL),(104,32,30,'2016-02-07 15:55:40','2016-02-07 15:55:40',NULL),(105,3,30,'2016-02-07 15:55:40','2016-02-07 15:55:40',NULL),(106,32,31,'2016-02-07 15:55:40','2016-02-07 15:55:40',NULL),(107,3,31,'2016-02-07 15:55:40','2016-02-07 15:55:40',NULL),(108,29,31,'2016-02-07 15:55:40','2016-02-07 15:55:40',NULL),(109,32,32,'2016-02-07 15:55:40','2016-02-07 15:55:40',NULL),(110,5,32,'2016-02-07 15:55:40','2016-02-07 15:55:40',NULL),(111,32,33,'2016-02-07 15:55:40','2016-02-07 15:55:40',NULL),(112,5,33,'2016-02-07 15:55:40','2016-02-07 15:55:40',NULL),(113,29,33,'2016-02-07 15:55:40','2016-02-07 15:55:40',NULL),(114,32,34,'2016-02-07 15:55:40','2016-02-07 15:55:40',NULL),(115,5,34,'2016-02-07 15:55:40','2016-02-07 15:55:40',NULL),(116,5,35,'2016-02-07 15:55:40','2016-02-07 15:55:40',NULL),(117,3,36,'2016-02-07 15:56:31','2016-02-07 15:56:31',NULL),(118,2,36,'2016-02-07 15:56:31','2016-02-07 15:56:31',NULL),(119,4,37,'2016-02-07 15:57:39','2016-02-07 15:57:39',NULL),(120,5,37,'2016-02-07 15:57:39','2016-02-07 15:57:39',NULL),(121,18,38,'2016-02-07 15:57:39','2016-02-07 15:57:39',NULL),(122,4,38,'2016-02-07 15:57:39','2016-02-07 15:57:39',NULL),(123,1,38,'2016-02-07 15:57:39','2016-02-07 18:33:21',1),(124,5,38,'2016-02-07 15:57:39','2016-02-07 15:57:39',NULL),(125,2,38,'2016-02-07 15:57:39','2016-02-07 15:57:39',NULL),(126,1,39,'2016-02-07 15:57:39','2016-02-07 15:57:39',NULL),(127,2,39,'2016-02-07 15:57:39','2016-02-07 15:57:39',NULL),(128,19,40,'2016-02-07 16:00:22','2016-02-07 16:00:22',NULL),(129,18,40,'2016-02-07 16:00:22','2016-02-07 16:00:22',NULL),(130,4,40,'2016-02-07 16:00:22','2016-02-07 16:00:22',NULL),(131,18,41,'2016-02-07 16:00:22','2016-02-07 16:00:22',NULL),(132,2,41,'2016-02-07 16:00:22','2016-02-07 16:00:22',NULL),(133,19,42,'2016-02-07 16:00:22','2016-02-07 16:00:22',NULL),(134,18,42,'2016-02-07 16:00:22','2016-02-07 16:00:22',NULL),(135,4,42,'2016-02-07 16:00:22','2016-02-07 16:00:22',NULL),(136,19,43,'2016-02-07 16:00:22','2016-02-07 18:34:06',1),(137,18,43,'2016-02-07 16:00:22','2016-02-07 16:00:22',NULL),(138,1,43,'2016-02-07 16:00:22','2016-02-07 16:00:22',NULL),(139,19,44,'2016-02-07 16:00:22','2016-02-07 18:34:15',1),(140,18,44,'2016-02-07 16:00:22','2016-02-07 16:00:22',NULL),(141,4,44,'2016-02-07 16:00:22','2016-02-07 16:00:22',NULL),(142,19,45,'2016-02-07 16:00:22','2016-02-07 18:34:43',1),(143,18,45,'2016-02-07 16:00:22','2016-02-07 16:00:22',NULL),(144,4,45,'2016-02-07 16:00:22','2016-02-07 16:00:22',NULL),(145,1,45,'2016-02-07 16:00:22','2016-02-07 18:34:39',1),(146,20,45,'2016-02-07 16:00:22','2016-02-07 18:34:46',1),(147,21,45,'2016-02-07 16:00:22','2016-02-07 18:34:50',1),(148,22,45,'2016-02-07 16:00:22','2016-02-07 18:34:54',1),(149,23,45,'2016-02-07 16:00:22','2016-02-07 18:34:58',1),(150,19,46,'2016-02-07 16:00:22','2016-02-07 18:35:12',1),(151,18,46,'2016-02-07 16:00:22','2016-02-07 16:00:22',NULL),(152,1,46,'2016-02-07 16:00:22','2016-02-07 16:00:22',NULL),(153,20,46,'2016-02-07 16:00:22','2016-02-07 16:00:22',NULL),(154,21,46,'2016-02-07 16:00:22','2016-02-07 16:00:22',NULL),(155,22,46,'2016-02-07 16:00:22','2016-02-07 16:00:22',NULL),(156,23,46,'2016-02-07 16:00:22','2016-02-07 16:00:22',NULL),(157,19,47,'2016-02-07 16:00:22','2016-02-07 16:00:22',NULL),(158,18,47,'2016-02-07 16:00:22','2016-02-07 16:00:22',NULL),(159,1,47,'2016-02-07 16:00:22','2016-02-07 16:00:22',NULL),(160,1,48,'2016-02-07 16:00:22','2016-02-07 16:00:22',NULL),(161,3,49,'2016-02-07 16:01:43','2016-02-07 16:01:43',NULL),(162,5,49,'2016-02-07 16:01:43','2016-02-07 16:01:43',NULL),(163,2,49,'2016-02-07 16:01:43','2016-02-07 16:01:43',NULL),(164,7,49,'2016-02-07 16:01:43','2016-02-07 16:01:43',NULL),(165,8,49,'2016-02-07 16:01:43','2016-02-07 18:38:48',1),(166,9,49,'2016-02-07 16:01:43','2016-02-07 16:01:43',NULL),(167,1,50,'2016-02-07 16:01:43','2016-02-07 16:01:43',NULL),(168,3,50,'2016-02-07 16:01:43','2016-02-07 16:01:43',NULL),(169,5,50,'2016-02-07 16:01:43','2016-02-07 16:01:43',NULL),(170,2,50,'2016-02-07 16:01:43','2016-02-07 16:01:43',NULL),(171,7,50,'2016-02-07 16:01:43','2016-02-07 18:39:20',1),(172,8,50,'2016-02-07 16:01:43','2016-02-07 16:01:43',NULL),(173,9,50,'2016-02-07 16:01:43','2016-02-07 16:01:43',NULL),(174,25,51,'2016-02-07 16:03:07','2016-02-07 16:03:07',NULL),(175,26,51,'2016-02-07 16:03:07','2016-02-07 16:03:07',NULL),(176,19,52,'2016-02-07 16:03:07','2016-02-07 16:03:07',NULL),(177,18,52,'2016-02-07 16:03:07','2016-02-07 16:03:07',NULL),(178,4,52,'2016-02-07 16:03:07','2016-02-07 18:39:39',0),(179,3,52,'2016-02-07 16:03:07','2016-02-07 16:03:07',NULL),(180,24,52,'2016-02-07 16:03:07','2016-02-07 16:03:07',NULL),(181,25,52,'2016-02-07 16:03:07','2016-02-07 16:03:07',NULL),(182,26,52,'2016-02-07 16:03:07','2016-02-07 16:03:07',NULL),(183,25,53,'2016-02-07 16:03:07','2016-02-07 16:03:07',NULL),(184,26,53,'2016-02-07 16:03:07','2016-02-07 16:03:07',NULL),(185,19,54,'2016-02-07 16:05:03','2016-02-07 18:40:00',1),(186,18,54,'2016-02-07 16:05:03','2016-02-07 16:05:03',NULL),(187,4,54,'2016-02-07 16:05:03','2016-02-07 16:05:03',NULL),(188,24,54,'2016-02-07 16:05:03','2016-02-07 18:40:05',1),(189,27,54,'2016-02-07 16:05:03','2016-02-07 18:40:09',1),(190,28,54,'2016-02-07 16:05:03','2016-02-07 18:40:14',1),(191,19,55,'2016-02-07 16:05:03','2016-02-07 18:40:45',1),(192,18,55,'2016-02-07 16:05:03','2016-02-07 16:05:03',NULL),(193,4,55,'2016-02-07 16:05:03','2016-02-07 16:05:03',NULL),(194,1,55,'2016-02-07 16:05:03','2016-02-07 16:05:03',NULL),(195,24,55,'2016-02-07 16:05:03','2016-02-07 18:40:40',1),(196,27,55,'2016-02-07 16:05:03','2016-02-07 18:40:49',1),(197,28,55,'2016-02-07 16:05:03','2016-02-07 18:40:53',1),(198,19,56,'2016-02-07 16:05:03','2016-02-07 18:41:13',1),(199,18,56,'2016-02-07 16:05:03','2016-02-07 16:05:03',NULL),(200,4,56,'2016-02-07 16:05:03','2016-02-07 16:05:03',NULL),(201,24,56,'2016-02-07 16:05:03','2016-02-07 18:41:08',1),(202,27,56,'2016-02-07 16:05:03','2016-02-07 18:41:17',1),(203,28,56,'2016-02-07 16:05:03','2016-02-07 18:41:22',1),(204,19,57,'2016-02-07 16:05:03','2016-02-07 16:05:03',NULL),(205,18,57,'2016-02-07 16:05:03','2016-02-07 16:05:03',NULL),(206,1,57,'2016-02-07 16:05:03','2016-02-07 16:05:03',NULL),(207,40,57,'2016-02-07 16:06:13','2016-02-07 18:41:42',1),(208,41,57,'2016-02-07 16:06:13','2016-02-07 18:41:46',1),(209,42,57,'2016-02-07 16:06:13','2016-02-07 18:41:50',1),(210,43,57,'2016-02-07 16:06:13','2016-02-07 18:41:54',1),(211,1,58,'2016-02-07 16:08:03','2016-02-07 16:08:03',NULL),(212,2,58,'2016-02-07 16:08:03','2016-02-07 16:08:03',NULL),(213,18,59,'2016-02-07 16:08:03','2016-02-07 16:08:03',NULL),(214,1,59,'2016-02-07 16:08:03','2016-02-07 16:08:03',NULL),(215,18,60,'2016-02-07 16:08:03','2016-02-07 16:08:03',NULL),(216,2,60,'2016-02-07 16:08:03','2016-02-07 16:08:03',NULL),(217,18,61,'2016-02-07 16:08:03','2016-02-07 16:08:03',NULL),(218,1,61,'2016-02-07 16:08:03','2016-02-07 16:08:03',NULL),(219,18,62,'2016-02-07 16:08:03','2016-02-07 16:08:03',NULL),(220,1,62,'2016-02-07 16:08:03','2016-02-07 16:08:03',NULL),(221,27,62,'2016-02-07 16:08:03','2016-02-07 16:08:03',NULL),(222,1,63,'2016-02-07 16:08:03','2016-02-07 16:08:03',NULL),(223,2,63,'2016-02-07 16:08:03','2016-02-07 16:08:03',NULL),(224,19,64,'2016-02-07 16:12:41','2016-02-07 16:12:41',NULL),(225,18,64,'2016-02-07 16:12:41','2016-02-07 16:12:41',NULL),(226,19,65,'2016-02-07 16:12:41','2016-02-07 16:12:41',NULL),(227,18,65,'2016-02-07 16:12:41','2016-02-07 16:12:41',NULL),(228,27,65,'2016-02-07 16:12:41','2016-02-07 16:12:41',NULL),(229,19,66,'2016-02-07 16:12:41','2016-02-07 16:12:41',NULL),(230,18,66,'2016-02-07 16:12:41','2016-02-07 16:12:41',NULL),(231,10,66,'2016-02-07 16:12:41','2016-02-07 16:12:41',NULL),(232,11,66,'2016-02-07 16:12:41','2016-02-07 16:12:41',NULL),(233,12,66,'2016-02-07 16:12:41','2016-02-07 16:12:41',NULL),(234,13,66,'2016-02-07 16:12:41','2016-02-07 16:12:41',NULL),(235,14,66,'2016-02-07 16:12:41','2016-02-07 16:12:41',NULL),(236,15,66,'2016-02-07 16:12:41','2016-02-07 16:12:41',NULL),(237,16,66,'2016-02-07 16:12:41','2016-02-07 16:12:41',NULL),(238,17,66,'2016-02-07 16:12:41','2016-02-07 16:12:41',NULL),(239,27,66,'2016-02-07 16:12:41','2016-02-07 16:12:41',NULL),(240,19,67,'2016-02-07 16:12:41','2016-02-07 18:42:57',1),(241,18,67,'2016-02-07 16:12:41','2016-02-07 16:12:41',NULL),(242,1,67,'2016-02-07 16:12:41','2016-02-07 16:12:41',NULL),(243,19,68,'2016-02-07 16:12:41','2016-02-07 18:43:36',1),(244,18,68,'2016-02-07 16:12:41','2016-02-07 16:12:41',NULL),(245,1,68,'2016-02-07 16:12:41','2016-02-07 16:12:41',NULL),(246,38,68,'2016-02-07 16:12:41','2016-02-07 18:43:43',1),(247,39,68,'2016-02-07 16:12:41','2016-02-07 18:43:51',1),(248,18,69,'2016-02-07 16:12:41','2016-02-07 16:12:41',NULL),(249,1,69,'2016-02-07 16:12:41','2016-02-07 18:47:47',0),(250,38,69,'2016-02-07 16:12:41','2016-02-07 16:12:41',NULL),(251,39,69,'2016-02-07 16:12:41','2016-02-07 16:12:41',NULL),(252,19,70,'2016-02-07 16:12:41','2016-02-07 16:12:41',NULL),(253,18,70,'2016-02-07 16:12:41','2016-02-07 18:55:09',1),(254,1,70,'2016-02-07 16:12:41','2016-02-07 16:12:41',NULL),(255,38,70,'2016-02-07 16:12:41','2016-02-07 16:12:41',NULL),(256,39,70,'2016-02-07 16:12:41','2016-02-07 16:12:41',NULL),(257,18,71,'2016-02-07 16:12:41','2016-02-07 18:55:03',1),(258,1,71,'2016-02-07 16:12:41','2016-02-07 16:12:41',NULL),(259,2,71,'2016-02-07 16:12:41','2016-02-07 16:12:41',NULL),(260,18,72,'2016-02-07 16:12:41','2016-02-07 16:12:41',NULL),(261,1,72,'2016-02-07 16:12:41','2016-02-07 16:12:41',NULL),(262,4,73,'2016-02-07 16:15:57','2016-02-07 16:15:57',NULL),(263,5,73,'2016-02-07 16:15:57','2016-02-07 16:15:57',NULL),(264,4,74,'2016-02-07 16:15:57','2016-02-07 18:55:59',1),(265,5,74,'2016-02-07 16:15:57','2016-02-07 16:15:57',NULL),(266,8,74,'2016-02-07 16:15:57','2016-02-07 16:15:57',NULL),(267,32,75,'2016-02-07 16:15:57','2016-02-07 16:15:57',NULL),(268,4,75,'2016-02-07 16:15:57','2016-02-07 18:56:11',1),(269,5,75,'2016-02-07 16:15:57','2016-02-07 18:56:15',1),(270,8,75,'2016-02-07 16:15:57','2016-02-07 16:15:57',NULL),(271,4,76,'2016-02-07 16:15:57','2016-02-07 16:15:57',NULL),(272,5,76,'2016-02-07 16:15:57','2016-02-07 16:15:57',NULL),(273,8,76,'2016-02-07 16:15:57','2016-02-07 16:15:57',NULL),(274,4,77,'2016-02-07 16:15:57','2016-02-07 16:15:57',NULL),(275,5,77,'2016-02-07 16:15:57','2016-02-07 16:15:57',NULL),(276,36,78,'2016-02-07 16:19:46','2016-02-07 16:19:46',NULL),(277,8,78,'2016-02-07 16:19:46','2016-02-07 16:19:46',NULL),(278,1,79,'2016-02-07 16:19:46','2016-02-07 18:57:03',1),(279,3,79,'2016-02-07 16:19:46','2016-02-07 16:19:46',NULL),(280,36,79,'2016-02-07 16:19:46','2016-02-07 16:19:46',NULL),(281,2,79,'2016-02-07 16:19:46','2016-02-07 16:19:46',NULL),(282,7,79,'2016-02-07 16:19:46','2016-02-07 16:19:46',NULL),(283,8,79,'2016-02-07 16:19:46','2016-02-07 16:19:46',NULL),(284,1,80,'2016-02-07 16:19:46','2016-02-07 16:19:46',NULL),(285,3,80,'2016-02-07 16:19:46','2016-02-07 16:19:46',NULL),(286,36,80,'2016-02-07 16:19:46','2016-02-07 16:19:46',NULL),(287,7,80,'2016-02-07 16:19:46','2016-02-07 18:57:24',1),(288,8,80,'2016-02-07 16:19:46','2016-02-07 16:19:46',NULL),(289,1,81,'2016-02-07 16:19:46','2016-02-07 16:19:46',NULL),(290,3,81,'2016-02-07 16:19:46','2016-02-07 16:19:46',NULL),(291,32,82,'2016-02-07 16:19:46','2016-02-07 16:19:46',NULL),(292,1,82,'2016-02-07 16:19:46','2016-02-07 16:19:46',NULL),(293,3,82,'2016-02-07 16:19:46','2016-02-07 16:19:46',NULL),(294,1,83,'2016-02-07 16:19:47','2016-02-07 16:19:47',NULL),(295,3,83,'2016-02-07 16:19:47','2016-02-07 16:19:47',NULL),(296,1,84,'2016-02-07 16:19:47','2016-02-07 16:19:47',NULL),(297,32,85,'2016-02-07 16:19:47','2016-02-07 16:19:47',NULL),(298,1,85,'2016-02-07 16:19:47','2016-02-07 16:19:47',NULL),(299,32,86,'2016-02-07 16:19:47','2016-02-07 16:19:47',NULL),(300,3,86,'2016-02-07 16:19:47','2016-02-07 16:19:47',NULL),(301,30,86,'2016-02-07 16:19:47','2016-02-07 16:19:47',NULL),(302,32,87,'2016-02-07 16:19:47','2016-02-07 16:19:47',NULL),(303,3,87,'2016-02-07 16:19:47','2016-02-07 16:19:47',NULL),(304,32,88,'2016-02-07 16:19:47','2016-02-07 16:19:47',NULL),(305,1,88,'2016-02-07 16:19:47','2016-02-07 16:19:47',NULL),(306,3,88,'2016-02-07 16:19:47','2016-02-07 16:19:47',NULL),(307,1,89,'2016-02-07 16:19:47','2016-02-07 16:19:47',NULL),(308,37,90,'2016-02-07 16:20:15','2016-02-07 16:20:15',NULL),(309,4,90,'2016-02-07 16:20:15','2016-02-07 16:20:15',NULL),(310,5,90,'2016-02-07 16:20:15','2016-02-07 16:20:15',NULL),(311,3,91,'2016-02-07 16:23:56','2016-02-07 16:23:56',NULL),(312,34,91,'2016-02-07 16:23:56','2016-02-07 16:23:56',NULL),(313,7,91,'2016-02-07 16:23:56','2016-02-07 16:23:56',NULL),(314,8,91,'2016-02-07 16:23:56','2016-02-07 16:23:56',NULL),(315,33,91,'2016-02-07 16:23:56','2016-02-07 16:23:56',NULL),(316,3,92,'2016-02-07 16:23:56','2016-02-07 16:23:56',NULL),(317,1,93,'2016-02-07 16:23:56','2016-02-07 16:23:56',NULL),(318,3,93,'2016-02-07 16:23:56','2016-02-07 16:23:56',NULL),(319,1,94,'2016-02-07 16:23:56','2016-02-07 16:23:56',NULL),(320,2,94,'2016-02-07 16:23:56','2016-02-07 16:23:56',NULL),(321,4,95,'2016-02-07 16:23:56','2016-02-07 16:23:56',NULL),(322,1,95,'2016-02-07 16:23:56','2016-02-07 16:23:56',NULL),(323,44,95,'2016-02-07 16:24:28','2016-02-07 16:24:28',NULL),(324,4,96,'2016-02-07 16:25:03','2016-02-07 16:25:03',NULL),(325,1,96,'2016-02-07 16:25:03','2016-02-07 16:25:03',NULL),(326,4,97,'2016-02-07 16:25:03','2016-02-07 16:25:03',NULL),(327,1,97,'2016-02-07 16:25:03','2016-02-07 16:25:03',NULL),(328,44,97,'2016-02-07 16:25:03','2016-02-07 16:25:03',NULL),(329,3,98,'2016-02-07 16:27:16','2016-02-07 16:27:16',NULL),(330,1,99,'2016-02-07 16:27:16','2016-02-07 16:27:16',NULL),(331,3,99,'2016-02-07 16:27:16','2016-02-07 16:27:16',NULL),(332,1,100,'2016-02-07 16:27:16','2016-02-07 19:03:40',1),(333,3,100,'2016-02-07 16:27:16','2016-02-07 16:27:16',NULL),(334,34,100,'2016-02-07 16:27:16','2016-02-07 16:27:16',NULL),(335,7,100,'2016-02-07 16:27:16','2016-02-07 16:27:16',NULL),(336,8,100,'2016-02-07 16:27:16','2016-02-07 16:27:16',NULL),(337,33,100,'2016-02-07 16:27:16','2016-02-07 16:27:16',NULL),(338,4,101,'2016-02-07 16:27:16','2016-02-07 19:03:50',1),(339,1,101,'2016-02-07 16:27:16','2016-02-07 16:27:16',NULL),(340,3,101,'2016-02-07 16:27:16','2016-02-07 16:27:16',NULL),(341,44,101,'2016-02-07 16:27:16','2016-02-07 19:03:54',1),(347,4,103,'2016-02-07 16:27:16','2016-02-07 19:05:29',1),(348,1,103,'2016-02-07 16:27:16','2016-02-07 16:27:16',NULL),(349,3,103,'2016-02-07 16:27:16','2016-02-07 16:27:16',NULL),(350,2,103,'2016-02-07 16:27:16','2016-02-07 19:05:34',1),(351,34,103,'2016-02-07 16:27:16','2016-02-07 19:06:46',1),(352,7,103,'2016-02-07 16:27:16','2016-02-07 16:27:16',NULL),(353,8,103,'2016-02-07 16:27:16','2016-02-07 16:27:16',NULL),(354,33,103,'2016-02-07 16:27:16','2016-02-07 16:27:16',NULL),(355,44,103,'2016-02-07 16:27:16','2016-02-07 19:05:43',1),(356,4,104,'2016-02-07 16:27:16','2016-02-07 19:06:53',1),(357,1,104,'2016-02-07 16:27:16','2016-02-07 19:07:06',1),(358,3,104,'2016-02-07 16:27:16','2016-02-07 19:07:11',1),(359,24,104,'2016-02-07 16:27:16','2016-02-07 19:06:56',1),(360,5,104,'2016-02-07 16:27:16','2016-02-07 16:27:16',NULL),(361,34,104,'2016-02-07 16:27:16','2016-02-07 19:07:21',1),(362,7,104,'2016-02-07 16:27:16','2016-02-07 16:27:16',NULL),(363,8,104,'2016-02-07 16:27:16','2016-02-07 19:07:25',1),(364,33,104,'2016-02-07 16:27:16','2016-02-07 19:07:29',1),(365,44,104,'2016-02-07 16:27:16','2016-02-07 19:07:33',1),(366,31,6,'2016-02-07 18:04:07','2016-02-07 18:06:30',1),(367,32,89,'2016-02-07 18:58:55','2016-02-07 18:59:22',1),(368,4,105,'2016-02-07 19:04:59','2016-02-07 19:05:06',1),(369,1,105,'2016-02-07 19:04:59','2016-02-07 19:04:59',NULL),(370,3,105,'2016-02-07 19:04:59','2016-02-07 19:04:59',NULL),(371,2,105,'2016-02-07 19:04:59','2016-02-07 19:04:59',NULL),(372,44,105,'2016-02-07 19:04:59','2016-02-07 19:05:10',1),(373,46,106,'2016-02-07 22:40:47','2016-02-07 22:40:47',NULL),(374,45,106,'2016-02-07 22:40:47','2016-02-07 22:40:47',NULL),(375,46,107,'2016-02-07 22:40:47','2016-02-07 22:40:47',NULL),(376,45,107,'2016-02-07 22:40:47','2016-02-07 22:40:47',NULL),(377,47,107,'2016-02-07 22:40:47','2016-02-07 22:40:47',NULL),(378,46,108,'2016-02-07 22:40:47','2016-02-07 22:40:47',NULL),(379,45,108,'2016-02-07 22:40:47','2016-02-07 22:40:47',NULL),(380,47,108,'2016-02-07 22:40:47','2016-02-07 22:40:47',NULL),(381,48,108,'2016-02-07 22:40:47','2016-02-07 22:40:47',NULL),(382,46,109,'2016-02-07 22:40:47','2016-02-07 22:40:47',NULL),(383,45,109,'2016-02-07 22:40:47','2016-02-07 22:40:47',NULL),(384,47,109,'2016-02-07 22:40:47','2016-02-07 22:40:47',NULL),(385,46,110,'2016-02-07 22:40:47','2016-02-07 22:40:47',NULL),(386,45,110,'2016-02-07 22:40:47','2016-02-07 22:40:47',NULL),(387,47,110,'2016-02-07 22:40:47','2016-02-07 22:40:47',NULL),(388,48,110,'2016-02-07 22:40:47','2016-02-07 22:40:47',NULL),(389,46,111,'2016-02-07 22:40:47','2016-02-07 22:40:47',NULL),(390,49,111,'2016-02-07 22:40:47','2016-02-07 22:40:47',NULL),(391,45,111,'2016-02-07 22:40:47','2016-02-07 22:40:47',NULL),(393,48,111,'2016-02-07 22:40:47','2016-02-07 22:40:47',NULL),(394,46,112,'2016-02-07 22:40:47','2016-02-07 22:40:47',NULL),(395,45,112,'2016-02-07 22:40:47','2016-02-07 22:40:47',NULL),(396,47,112,'2016-02-07 22:40:47','2016-02-07 22:40:47',NULL),(397,48,112,'2016-02-07 22:40:47','2016-02-07 22:40:47',NULL),(398,46,113,'2016-02-07 22:40:47','2016-02-07 22:40:47',NULL),(399,45,113,'2016-02-07 22:40:47','2016-02-07 22:40:47',NULL),(400,48,113,'2016-02-07 22:40:47','2016-02-07 22:40:47',NULL),(401,46,114,'2016-02-08 01:01:10','2016-02-08 01:01:55',0),(402,45,114,'2016-02-08 01:01:10','2016-02-08 01:01:10',NULL),(403,48,114,'2016-02-08 01:01:10','2016-02-08 01:01:10',NULL),(404,46,115,'2016-02-08 01:01:10','2016-02-08 01:01:10',NULL),(405,50,115,'2016-02-08 01:01:10','2016-02-08 01:01:10',NULL),(406,45,115,'2016-02-08 01:01:10','2016-02-08 01:01:10',NULL),(407,48,115,'2016-02-08 01:01:10','2016-02-08 01:01:10',NULL),(408,46,116,'2016-02-08 01:01:10','2016-02-08 01:01:10',NULL),(409,50,116,'2016-02-08 01:01:10','2016-02-08 01:01:10',NULL),(410,45,116,'2016-02-08 01:01:10','2016-02-08 01:01:10',NULL),(411,47,116,'2016-02-08 01:01:10','2016-02-08 01:01:10',NULL),(412,48,116,'2016-02-08 01:01:10','2016-02-08 01:01:10',NULL),(413,46,117,'2016-02-08 01:01:10','2016-02-08 01:01:10',NULL),(414,50,117,'2016-02-08 01:01:10','2016-02-08 01:01:10',NULL),(415,51,117,'2016-02-08 01:01:10','2016-02-08 01:01:10',NULL),(416,45,117,'2016-02-08 01:01:10','2016-02-08 01:01:10',NULL),(417,48,117,'2016-02-08 01:01:10','2016-02-08 01:01:10',NULL),(418,46,118,'2016-02-08 01:01:10','2016-02-08 01:01:10',NULL),(419,50,118,'2016-02-08 01:01:10','2016-02-08 01:01:10',NULL),(420,49,118,'2016-02-08 01:01:10','2016-02-08 01:01:10',NULL),(421,45,118,'2016-02-08 01:01:10','2016-02-08 01:01:10',NULL),(422,48,118,'2016-02-08 01:01:10','2016-02-08 01:01:10',NULL),(423,46,119,'2016-02-08 01:01:10','2016-02-08 01:01:10',NULL),(424,50,119,'2016-02-08 01:01:10','2016-02-08 01:01:10',NULL),(425,51,119,'2016-02-08 01:01:10','2016-02-08 01:01:10',NULL),(426,45,119,'2016-02-08 01:01:10','2016-02-08 01:01:10',NULL),(427,48,119,'2016-02-08 01:01:10','2016-02-08 01:01:10',NULL),(428,46,120,'2016-02-08 01:01:10','2016-02-08 01:01:10',NULL),(429,50,120,'2016-02-08 01:01:10','2016-02-08 01:01:10',NULL),(430,45,120,'2016-02-08 01:01:10','2016-02-08 01:01:10',NULL),(431,48,120,'2016-02-08 01:01:10','2016-02-08 01:01:10',NULL),(432,46,121,'2016-02-08 01:01:10','2016-02-08 01:01:10',NULL),(433,50,121,'2016-02-08 01:01:10','2016-02-08 01:01:10',NULL),(434,45,121,'2016-02-08 01:01:10','2016-02-08 01:01:10',NULL),(435,47,121,'2016-02-08 01:01:10','2016-02-08 01:01:10',NULL),(436,48,121,'2016-02-08 01:01:10','2016-02-08 01:01:10',NULL),(437,46,122,'2016-02-08 01:01:10','2016-02-08 01:01:10',NULL),(438,45,122,'2016-02-08 01:01:10','2016-02-08 01:01:10',NULL),(439,46,123,'2016-02-08 01:01:10','2016-02-08 01:01:10',NULL),(440,50,123,'2016-02-08 01:01:10','2016-02-08 01:01:10',NULL),(441,49,123,'2016-02-08 01:01:10','2016-02-08 01:01:10',NULL),(442,51,123,'2016-02-08 01:01:10','2016-02-08 01:01:10',NULL),(443,45,123,'2016-02-08 01:01:10','2016-02-08 01:01:10',NULL),(444,47,123,'2016-02-08 01:01:10','2016-02-08 01:01:10',NULL),(445,46,124,'2016-02-08 01:01:10','2016-02-08 01:01:10',NULL),(446,50,124,'2016-02-08 01:01:10','2016-02-08 01:01:10',NULL),(447,49,124,'2016-02-08 01:01:10','2016-02-08 01:01:10',NULL),(448,51,124,'2016-02-08 01:01:10','2016-02-08 01:01:10',NULL),(449,45,124,'2016-02-08 01:01:10','2016-02-08 01:01:10',NULL),(450,46,125,'2016-02-08 01:01:10','2016-02-08 01:01:10',NULL),(451,50,125,'2016-02-08 01:01:10','2016-02-08 01:01:10',NULL),(452,49,125,'2016-02-08 01:01:10','2016-02-08 01:01:10',NULL),(453,52,125,'2016-02-08 01:01:10','2016-02-08 01:01:10',NULL),(454,51,125,'2016-02-08 01:01:10','2016-02-08 01:01:10',NULL),(455,45,125,'2016-02-08 01:01:10','2016-02-08 01:01:10',NULL),(456,47,125,'2016-02-08 01:01:10','2016-02-08 01:01:10',NULL),(457,46,126,'2016-02-08 01:01:10','2016-02-08 01:01:10',NULL),(458,45,126,'2016-02-08 01:01:10','2016-02-08 01:01:10',NULL),(459,48,126,'2016-02-08 01:01:10','2016-02-08 01:01:10',NULL),(460,46,127,'2016-02-08 01:01:10','2016-02-08 01:01:10',NULL),(461,50,127,'2016-02-08 01:01:10','2016-02-08 01:01:10',NULL),(462,52,127,'2016-02-08 01:01:10','2016-02-08 01:01:10',NULL),(463,45,127,'2016-02-08 01:01:10','2016-02-08 01:01:10',NULL),(464,48,127,'2016-02-08 01:01:10','2016-02-08 01:01:10',NULL),(465,46,128,'2016-02-08 01:01:10','2016-02-08 01:01:10',NULL),(466,45,128,'2016-02-08 01:01:10','2016-02-08 01:01:10',NULL),(467,46,129,'2016-02-08 01:01:10','2016-02-08 01:01:10',NULL),(468,49,129,'2016-02-08 01:01:10','2016-02-08 01:01:10',NULL),(469,45,129,'2016-02-08 01:01:10','2016-02-08 01:01:10',NULL),(470,46,130,'2016-02-08 01:01:10','2016-02-08 01:01:10',NULL),(471,45,130,'2016-02-08 01:01:10','2016-02-08 01:01:10',NULL),(472,47,130,'2016-02-08 01:01:10','2016-02-08 01:01:10',NULL),(473,46,131,'2016-02-08 01:01:10','2016-02-08 01:01:10',NULL),(474,50,131,'2016-02-08 01:01:10','2016-02-08 01:01:10',NULL),(475,45,131,'2016-02-08 01:01:10','2016-02-08 01:01:10',NULL),(476,46,132,'2016-02-08 01:01:10','2016-02-08 01:01:10',NULL),(477,50,132,'2016-02-08 01:01:10','2016-02-08 01:01:10',NULL),(478,45,132,'2016-02-08 01:01:10','2016-02-08 01:01:10',NULL),(479,47,132,'2016-02-08 01:01:10','2016-02-08 01:01:10',NULL),(480,46,133,'2016-02-08 01:01:10','2016-02-08 01:01:10',NULL),(481,50,133,'2016-02-08 01:01:10','2016-02-08 01:01:10',NULL),(482,51,133,'2016-02-08 01:01:10','2016-02-08 01:01:10',NULL),(483,45,133,'2016-02-08 01:01:10','2016-02-08 01:01:10',NULL),(484,46,134,'2016-02-08 01:01:10','2016-02-08 01:01:10',NULL),(485,50,134,'2016-02-08 01:01:10','2016-02-08 01:01:10',NULL),(486,49,134,'2016-02-08 01:01:10','2016-02-08 01:01:10',NULL),(487,51,134,'2016-02-08 01:01:10','2016-02-08 01:01:10',NULL),(488,45,134,'2016-02-08 01:01:10','2016-02-08 01:01:10',NULL),(489,46,135,'2016-02-08 01:01:10','2016-02-08 01:01:10',NULL),(490,50,135,'2016-02-08 01:01:10','2016-02-08 01:01:10',NULL),(491,51,135,'2016-02-08 01:01:10','2016-02-08 01:01:10',NULL),(492,45,135,'2016-02-08 01:01:10','2016-02-08 01:01:10',NULL),(493,46,136,'2016-02-08 01:01:10','2016-02-08 01:01:10',NULL),(494,50,136,'2016-02-08 01:01:10','2016-02-08 01:01:10',NULL),(495,51,136,'2016-02-08 01:01:10','2016-02-08 01:01:10',NULL),(496,45,136,'2016-02-08 01:01:10','2016-02-08 01:01:10',NULL),(497,47,136,'2016-02-08 01:01:10','2016-02-08 01:01:10',NULL),(498,46,137,'2016-02-08 01:01:10','2016-02-08 01:01:10',NULL),(499,50,137,'2016-02-08 01:01:10','2016-02-08 01:01:10',NULL),(500,45,137,'2016-02-08 01:01:10','2016-02-08 01:01:10',NULL),(501,47,137,'2016-02-08 01:01:10','2016-02-08 01:01:10',NULL),(502,46,138,'2016-02-08 01:01:10','2016-02-08 01:01:10',NULL),(503,45,138,'2016-02-08 01:01:10','2016-02-08 01:01:10',NULL),(504,46,139,'2016-02-08 01:01:10','2016-02-08 01:01:20',1),(505,50,139,'2016-02-08 01:01:10','2016-02-08 01:01:10',NULL),(506,45,139,'2016-02-08 01:01:10','2016-02-08 01:01:10',NULL),(507,46,140,'2016-02-08 01:01:10','2016-02-08 01:02:02',1),(508,50,140,'2016-02-08 01:01:10','2016-02-08 01:01:10',NULL),(509,52,140,'2016-02-08 01:01:10','2016-02-08 01:01:10',NULL),(510,45,140,'2016-02-08 01:01:10','2016-02-08 01:01:10',NULL),(511,48,140,'2016-02-08 01:01:10','2016-02-08 01:01:10',NULL),(512,46,141,'2016-02-08 01:01:10','2016-02-08 01:01:37',1),(513,50,141,'2016-02-08 01:01:10','2016-02-08 01:01:10',NULL),(514,49,141,'2016-02-08 01:01:10','2016-02-08 01:01:10',NULL),(515,52,141,'2016-02-08 01:01:10','2016-02-08 01:01:10',NULL),(516,51,141,'2016-02-08 01:01:10','2016-02-08 01:01:10',NULL),(517,45,141,'2016-02-08 01:01:10','2016-02-08 01:01:10',NULL),(518,47,141,'2016-02-08 01:01:10','2016-02-08 01:01:10',NULL),(519,48,141,'2016-02-08 01:01:10','2016-02-08 01:01:10',NULL);
/*!40000 ALTER TABLE `on_stages` ENABLE KEYS */;
UNLOCK TABLES;

--
-- Table structure for table `plays`
--

DROP TABLE IF EXISTS `plays`;
/*!40101 SET @saved_cs_client     = @@character_set_client */;
/*!40101 SET character_set_client = utf8 */;
CREATE TABLE `plays` (
  `id` int(11) NOT NULL AUTO_INCREMENT,
  `title` varchar(255) COLLATE utf8_unicode_ci DEFAULT NULL,
  `date` date DEFAULT NULL,
  `author_id` int(11) DEFAULT NULL,
  `created_at` datetime NOT NULL,
  `updated_at` datetime NOT NULL,
  `canonical` tinyint(1) DEFAULT NULL,
  `summary` text COLLATE utf8_unicode_ci,
  `text_notes` text COLLATE utf8_unicode_ci,
  PRIMARY KEY (`id`),
  KEY `index_plays_on_author_id` (`author_id`) USING BTREE,
  CONSTRAINT `fk_rails_6d69cc1681` FOREIGN KEY (`author_id`) REFERENCES `authors` (`id`)
) ENGINE=InnoDB AUTO_INCREMENT=3 DEFAULT CHARSET=utf8 COLLATE=utf8_unicode_ci;
/*!40101 SET character_set_client = @saved_cs_client */;

--
-- Dumping data for table `plays`
--

LOCK TABLES `plays` WRITE;
/*!40000 ALTER TABLE `plays` DISABLE KEYS */;
INSERT INTO `plays` VALUES (1,'The Duchess of Malfi','1612-01-01',1,'2016-02-07 04:08:09','2016-02-07 19:19:42',1,'A love story wrapped in a Halloween story.','Ed. Leah S. Marcus. London: Arden Early Modern Drama, 2009.'),(2,'The Real Inspector Hound','1968-01-01',2,'2016-02-07 22:31:29','2016-02-07 22:31:29',1,' The plot follows two theatre critics named Moon and Birdboot who are watching a ludicrous setup of a country house murder mystery, in the style of a whodunit. By chance, they become involved in the action causing a series of events that parallel the play they are watching.','The Real Inspector Hound and Other Plays. New York: Grove, 1996. Print.');
/*!40000 ALTER TABLE `plays` ENABLE KEYS */;
UNLOCK TABLES;

--
-- Table structure for table `productions`
--

DROP TABLE IF EXISTS `productions`;
/*!40101 SET @saved_cs_client     = @@character_set_client */;
/*!40101 SET character_set_client = utf8 */;
CREATE TABLE `productions` (
  `id` int(11) NOT NULL AUTO_INCREMENT,
  `start_date` date DEFAULT NULL,
  `end_date` date DEFAULT NULL,
  `play_id` int(11) DEFAULT NULL,
  `theater_id` int(11) DEFAULT NULL,
  `created_at` datetime NOT NULL,
  `updated_at` datetime NOT NULL,
  PRIMARY KEY (`id`),
  KEY `index_productions_on_play_id` (`play_id`) USING BTREE,
  KEY `index_productions_on_theater_id` (`theater_id`) USING BTREE,
  CONSTRAINT `fk_rails_e3b9a93537` FOREIGN KEY (`theater_id`) REFERENCES `theaters` (`id`),
  CONSTRAINT `fk_rails_6adfab2046` FOREIGN KEY (`play_id`) REFERENCES `plays` (`id`)
) ENGINE=InnoDB DEFAULT CHARSET=utf8 COLLATE=utf8_unicode_ci;
/*!40101 SET character_set_client = @saved_cs_client */;

--
-- Dumping data for table `productions`
--

LOCK TABLES `productions` WRITE;
/*!40000 ALTER TABLE `productions` DISABLE KEYS */;
/*!40000 ALTER TABLE `productions` ENABLE KEYS */;
UNLOCK TABLES;

--
-- Table structure for table `rehearsals`
--

DROP TABLE IF EXISTS `rehearsals`;
/*!40101 SET @saved_cs_client     = @@character_set_client */;
/*!40101 SET character_set_client = utf8 */;
CREATE TABLE `rehearsals` (
  `id` int(11) NOT NULL AUTO_INCREMENT,
  `start_time` datetime DEFAULT NULL,
  `end_time` datetime DEFAULT NULL,
  `act_id` int(11) DEFAULT NULL,
  `scene_id` int(11) DEFAULT NULL,
  `french_scene_id` int(11) DEFAULT NULL,
  `space_id` int(11) DEFAULT NULL,
  `production_id` int(11) DEFAULT NULL,
  `created_at` datetime NOT NULL,
  `updated_at` datetime NOT NULL,
  PRIMARY KEY (`id`),
  KEY `index_rehearsals_on_act_id` (`act_id`) USING BTREE,
  KEY `index_rehearsals_on_french_scene_id` (`french_scene_id`) USING BTREE,
  KEY `index_rehearsals_on_production_id` (`production_id`) USING BTREE,
  KEY `index_rehearsals_on_scene_id` (`scene_id`) USING BTREE,
  KEY `index_rehearsals_on_space_id` (`space_id`) USING BTREE,
  CONSTRAINT `fk_rails_1358527967` FOREIGN KEY (`space_id`) REFERENCES `spaces` (`id`),
  CONSTRAINT `fk_rails_387ff0f826` FOREIGN KEY (`french_scene_id`) REFERENCES `french_scenes` (`id`),
  CONSTRAINT `fk_rails_56251ab9f1` FOREIGN KEY (`production_id`) REFERENCES `productions` (`id`),
  CONSTRAINT `fk_rails_d065e20f40` FOREIGN KEY (`scene_id`) REFERENCES `scenes` (`id`),
  CONSTRAINT `fk_rails_d5ba40c6f5` FOREIGN KEY (`act_id`) REFERENCES `acts` (`id`)
) ENGINE=InnoDB DEFAULT CHARSET=utf8 COLLATE=utf8_unicode_ci;
/*!40101 SET character_set_client = @saved_cs_client */;

--
-- Dumping data for table `rehearsals`
--

LOCK TABLES `rehearsals` WRITE;
/*!40000 ALTER TABLE `rehearsals` DISABLE KEYS */;
/*!40000 ALTER TABLE `rehearsals` ENABLE KEYS */;
UNLOCK TABLES;

--
-- Table structure for table `scenes`
--

DROP TABLE IF EXISTS `scenes`;
/*!40101 SET @saved_cs_client     = @@character_set_client */;
/*!40101 SET character_set_client = utf8 */;
CREATE TABLE `scenes` (
  `id` int(11) NOT NULL AUTO_INCREMENT,
  `scene_number` int(11) DEFAULT NULL,
  `created_at` datetime NOT NULL,
  `updated_at` datetime NOT NULL,
  `act_id` int(11) DEFAULT NULL,
  `summary` text COLLATE utf8_unicode_ci,
  PRIMARY KEY (`id`)
) ENGINE=InnoDB AUTO_INCREMENT=21 DEFAULT CHARSET=utf8 COLLATE=utf8_unicode_ci;
/*!40101 SET character_set_client = @saved_cs_client */;

--
-- Dumping data for table `scenes`
--

LOCK TABLES `scenes` WRITE;
/*!40000 ALTER TABLE `scenes` DISABLE KEYS */;
INSERT INTO `scenes` VALUES (1,1,'2016-02-07 04:08:24','2016-02-07 19:46:17',1,'Antonio reports on his trip to France. Bosola accuses the Cardinal of mistreating him.'),(2,1,'2016-02-07 04:08:24','2016-02-07 19:49:55',2,'Bosola, suspecting the Duchess is pregnant, gives her green apricots. The Duchess goes into labor.'),(3,2,'2016-02-07 04:10:35','2016-02-07 19:48:29',1,'Antonio reports on the characters of the Cardinal, Ferdinand, and the Duchess. Ferdinand employs Bosola to be his spy. Ferdinand and the Cardinal lecture the Duchess about not remarrying. The Duchess and Antonio get married.'),(4,2,'2016-02-07 04:10:35','2016-02-07 19:50:55',2,'Antonio orders that everyone go lock themselves in their bedrooms. He says that the Duchess has been poisoned. Cariola brings Antonio news that the Duchess has given birth to a son.'),(5,3,'2016-02-07 04:10:35','2016-02-07 19:51:39',2,'Bosola and Antonio encounter each other in the dark house. They each accuse the other of being dishonest and sneaky. Antonio drops the baby\'s horoscope, which Bosola finds.'),(6,4,'2016-02-07 04:10:35','2016-02-07 19:52:19',2,'The Cardinal and Julia are interrupted in their lovemaking by a visit from Delio, who brings word that Ferdinand has received an upsetting letter.'),(7,5,'2016-02-07 04:10:35','2016-02-07 19:52:41',2,'Ferdinand and the Cardinal discuss Bosola\'s letter, which reveals that the Duchess has had a baby.'),(8,1,'2016-02-07 04:10:35','2016-02-07 20:09:59',3,'Delio and Ferdinand have come to Malfi. Ferdinand gets a key to the Duchess\' chambers.'),(9,2,'2016-02-07 04:10:35','2016-02-07 20:11:34',3,'Antonio, Cariola, and the Duchess are getting ready for bed. Antonio and Cariola sneak out to play a trick on the Duchess, and Ferdinand sneaks in. He threatens her with his poniard. She tells him that she is married, and he gets very upset. After he storms out, Bosola comes in to find out what is going on. The Duchess sends Antonio away, to protect him. She confides in Bosola, who recommends that she feign a pilgrimage to Loretto.'),(10,3,'2016-02-07 04:10:35','2016-02-07 20:13:00',3,'The Cardinal receives an order to become a military general. As he\'s discussing this with his friends, Bosola enters and reports on the Duchess\' plans.'),(11,4,'2016-02-07 04:10:35','2016-02-07 20:13:51',3,'DUMBSHOW: At the shrine of Loretto, the Cardinal lays aside his religious robes and puts on armor. He then (with assistance from the pope) banishes the Duchess from Ancona.'),(12,5,'2016-02-07 04:10:35','2016-02-07 20:15:45',3,'On the road outside of Loretto, Bosola overtakes the Duchess and family with a letter from Ferdinand. Suspecting a trap, the Duchess sends Antonio and their oldest son away. She, Cariola, and the younger two children are captured by a disguised Bosola and taken to her palace.'),(13,1,'2016-02-07 04:10:35','2016-02-07 20:16:46',4,'Ferdinand meets the Duchess in darkness and gives her a severed hand he claims is Antonio\'s. He then shows her two dummies that he claims are Antonio and their son.'),(14,2,'2016-02-07 04:10:35','2016-02-07 20:18:09',4,'Ferdinand sends local madmen to dance and cavort before the Duchess. Then Bosola and executioners kill her, Cariola, and the babies. Ferdinand goes mad with grief and regret when he sees the Duchess\' body.'),(15,1,'2016-02-07 04:10:35','2016-02-07 20:21:01',5,'Delio asks Pescara for a citadel that belonged to Antonio. Pescara denies him and gives it to Julia, saying that it is not a noble gift, because it was stolen.'),(16,2,'2016-02-07 04:10:35','2016-02-07 20:22:57',5,'Ferdinand has gone mad, and a Doctor has come in to treat him. The court is generally very worried. Julia declares her love for Bosola and, as a favor to him, pressures the Cardinal into confessing to murdering the Duchess. The Cardinal makes her swear to secrecy on a poisoned Bible.'),(17,3,'2016-02-07 04:10:35','2016-02-07 20:23:44',5,'Antonio hears an Echo that sounds oddly like the Duchess, warning him to be careful for his life.'),(18,4,'2016-02-07 04:10:35','2016-02-07 20:24:21',5,'Believing that he\'s killing the Cardinal, Bosola makes a stab in the dark and kills Antonio instead.'),(19,5,'2016-02-07 04:10:35','2016-02-07 20:25:42',5,'Bosola attacks the Cardinal. Ferdinand comes in and, in his madness, stabs the Cardinal. He and Bosola stab each other. Delio comes in with Antonio\'s son and declares him the Duchess\' heir.'),(20,1,'2016-02-07 22:40:47','2016-02-07 22:40:47',6,'');
/*!40000 ALTER TABLE `scenes` ENABLE KEYS */;
UNLOCK TABLES;

--
-- Table structure for table `schema_migrations`
--

DROP TABLE IF EXISTS `schema_migrations`;
/*!40101 SET @saved_cs_client     = @@character_set_client */;
/*!40101 SET character_set_client = utf8 */;
CREATE TABLE `schema_migrations` (
  `version` varchar(255) COLLATE utf8_unicode_ci NOT NULL,
  UNIQUE KEY `unique_schema_migrations` (`version`)
) ENGINE=InnoDB DEFAULT CHARSET=utf8 COLLATE=utf8_unicode_ci;
/*!40101 SET character_set_client = @saved_cs_client */;

--
-- Dumping data for table `schema_migrations`
--

LOCK TABLES `schema_migrations` WRITE;
/*!40000 ALTER TABLE `schema_migrations` DISABLE KEYS */;
INSERT INTO `schema_migrations` VALUES ('20151214193207'),('20151228160814'),('20151230193754'),('20151230193826'),('20151230194537'),('20151230194754'),('20151230194900'),('20151230195011'),('20151230195111'),('20151230195239'),('20151230195351'),('20151230195524'),('20151230195607'),('20151230195635'),('20160118165845'),('20160205025841'),('20160206020434'),('20160207001157'),('20160207004208'),('20160207004420'),('20160207011145'),('20160207012709'),('20160207035702'),('20160207171947'),('20160207174042'),('20160207191326'),('20160207192413'),('20160207192524');
/*!40000 ALTER TABLE `schema_migrations` ENABLE KEYS */;
UNLOCK TABLES;

--
-- Table structure for table `space_agreements`
--

DROP TABLE IF EXISTS `space_agreements`;
/*!40101 SET @saved_cs_client     = @@character_set_client */;
/*!40101 SET character_set_client = utf8 */;
CREATE TABLE `space_agreements` (
  `id` int(11) NOT NULL AUTO_INCREMENT,
  `theater_id` int(11) DEFAULT NULL,
  `space_id` int(11) DEFAULT NULL,
  `created_at` datetime NOT NULL,
  `updated_at` datetime NOT NULL,
  PRIMARY KEY (`id`),
  KEY `index_space_agreements_on_space_id` (`space_id`) USING BTREE,
  KEY `index_space_agreements_on_theater_id` (`theater_id`) USING BTREE,
  CONSTRAINT `fk_rails_d9afdfa7f5` FOREIGN KEY (`theater_id`) REFERENCES `theaters` (`id`),
  CONSTRAINT `fk_rails_6f8477deba` FOREIGN KEY (`space_id`) REFERENCES `spaces` (`id`)
) ENGINE=InnoDB DEFAULT CHARSET=utf8 COLLATE=utf8_unicode_ci;
/*!40101 SET character_set_client = @saved_cs_client */;

--
-- Dumping data for table `space_agreements`
--

LOCK TABLES `space_agreements` WRITE;
/*!40000 ALTER TABLE `space_agreements` DISABLE KEYS */;
/*!40000 ALTER TABLE `space_agreements` ENABLE KEYS */;
UNLOCK TABLES;

--
-- Table structure for table `spaces`
--

DROP TABLE IF EXISTS `spaces`;
/*!40101 SET @saved_cs_client     = @@character_set_client */;
/*!40101 SET character_set_client = utf8 */;
CREATE TABLE `spaces` (
  `id` int(11) NOT NULL AUTO_INCREMENT,
  `name` varchar(255) COLLATE utf8_unicode_ci DEFAULT NULL,
  `street_address` varchar(255) COLLATE utf8_unicode_ci DEFAULT NULL,
  `city` varchar(255) COLLATE utf8_unicode_ci DEFAULT NULL,
  `state` varchar(255) COLLATE utf8_unicode_ci DEFAULT NULL,
  `zip` varchar(255) COLLATE utf8_unicode_ci DEFAULT NULL,
  `phone_number` varchar(255) COLLATE utf8_unicode_ci DEFAULT NULL,
  `website` varchar(255) COLLATE utf8_unicode_ci DEFAULT NULL,
  `seating_capacity` int(11) DEFAULT NULL,
  `calendar` varchar(255) COLLATE utf8_unicode_ci DEFAULT NULL,
  `created_at` datetime NOT NULL,
  `updated_at` datetime NOT NULL,
  PRIMARY KEY (`id`)
) ENGINE=InnoDB DEFAULT CHARSET=utf8 COLLATE=utf8_unicode_ci;
/*!40101 SET character_set_client = @saved_cs_client */;

--
-- Dumping data for table `spaces`
--

LOCK TABLES `spaces` WRITE;
/*!40000 ALTER TABLE `spaces` DISABLE KEYS */;
/*!40000 ALTER TABLE `spaces` ENABLE KEYS */;
UNLOCK TABLES;

--
-- Table structure for table `specializations`
--

DROP TABLE IF EXISTS `specializations`;
/*!40101 SET @saved_cs_client     = @@character_set_client */;
/*!40101 SET character_set_client = utf8 */;
CREATE TABLE `specializations` (
  `id` int(11) NOT NULL AUTO_INCREMENT,
  `title` varchar(255) COLLATE utf8_unicode_ci DEFAULT NULL,
  `description` text COLLATE utf8_unicode_ci,
  `created_at` datetime NOT NULL,
  `updated_at` datetime NOT NULL,
  PRIMARY KEY (`id`)
) ENGINE=InnoDB DEFAULT CHARSET=utf8 COLLATE=utf8_unicode_ci;
/*!40101 SET character_set_client = @saved_cs_client */;

--
-- Dumping data for table `specializations`
--

LOCK TABLES `specializations` WRITE;
/*!40000 ALTER TABLE `specializations` DISABLE KEYS */;
/*!40000 ALTER TABLE `specializations` ENABLE KEYS */;
UNLOCK TABLES;

--
-- Table structure for table `theaters`
--

DROP TABLE IF EXISTS `theaters`;
/*!40101 SET @saved_cs_client     = @@character_set_client */;
/*!40101 SET character_set_client = utf8 */;
CREATE TABLE `theaters` (
  `id` int(11) NOT NULL AUTO_INCREMENT,
  `name` varchar(255) COLLATE utf8_unicode_ci DEFAULT NULL,
  `street_address` varchar(255) COLLATE utf8_unicode_ci DEFAULT NULL,
  `city` varchar(255) COLLATE utf8_unicode_ci DEFAULT NULL,
  `state` varchar(255) COLLATE utf8_unicode_ci DEFAULT NULL,
  `zip` varchar(255) COLLATE utf8_unicode_ci DEFAULT NULL,
  `phone_number` varchar(255) COLLATE utf8_unicode_ci DEFAULT NULL,
  `mission_statement` text COLLATE utf8_unicode_ci,
  `website` varchar(255) COLLATE utf8_unicode_ci DEFAULT NULL,
  `calendar` varchar(255) COLLATE utf8_unicode_ci DEFAULT NULL,
  `created_at` datetime NOT NULL,
  `updated_at` datetime NOT NULL,
  PRIMARY KEY (`id`)
) ENGINE=InnoDB DEFAULT CHARSET=utf8 COLLATE=utf8_unicode_ci;
/*!40101 SET character_set_client = @saved_cs_client */;

--
-- Dumping data for table `theaters`
--

LOCK TABLES `theaters` WRITE;
/*!40000 ALTER TABLE `theaters` DISABLE KEYS */;
/*!40000 ALTER TABLE `theaters` ENABLE KEYS */;
UNLOCK TABLES;

--
-- Table structure for table `users`
--

DROP TABLE IF EXISTS `users`;
/*!40101 SET @saved_cs_client     = @@character_set_client */;
/*!40101 SET character_set_client = utf8 */;
CREATE TABLE `users` (
  `id` int(11) NOT NULL AUTO_INCREMENT,
  `email` varchar(255) COLLATE utf8_unicode_ci NOT NULL DEFAULT '',
  `encrypted_password` varchar(255) COLLATE utf8_unicode_ci NOT NULL DEFAULT '',
  `reset_password_token` varchar(255) COLLATE utf8_unicode_ci DEFAULT NULL,
  `reset_password_sent_at` datetime DEFAULT NULL,
  `remember_created_at` datetime DEFAULT NULL,
  `sign_in_count` int(11) NOT NULL DEFAULT '0',
  `current_sign_in_at` datetime DEFAULT NULL,
  `last_sign_in_at` datetime DEFAULT NULL,
  `current_sign_in_ip` varchar(255) COLLATE utf8_unicode_ci DEFAULT NULL,
  `last_sign_in_ip` varchar(255) COLLATE utf8_unicode_ci DEFAULT NULL,
  `created_at` datetime NOT NULL,
  `updated_at` datetime NOT NULL,
  `name` varchar(255) COLLATE utf8_unicode_ci DEFAULT NULL,
  PRIMARY KEY (`id`),
  UNIQUE KEY `index_users_on_email` (`email`) USING BTREE,
  UNIQUE KEY `index_users_on_reset_password_token` (`reset_password_token`) USING BTREE
) ENGINE=InnoDB DEFAULT CHARSET=utf8 COLLATE=utf8_unicode_ci;
/*!40101 SET character_set_client = @saved_cs_client */;

--
-- Dumping data for table `users`
--

LOCK TABLES `users` WRITE;
/*!40000 ALTER TABLE `users` DISABLE KEYS */;
/*!40000 ALTER TABLE `users` ENABLE KEYS */;
UNLOCK TABLES;
/*!40103 SET TIME_ZONE=@OLD_TIME_ZONE */;

/*!40101 SET SQL_MODE=@OLD_SQL_MODE */;
/*!40014 SET FOREIGN_KEY_CHECKS=@OLD_FOREIGN_KEY_CHECKS */;
/*!40014 SET UNIQUE_CHECKS=@OLD_UNIQUE_CHECKS */;
/*!40101 SET CHARACTER_SET_CLIENT=@OLD_CHARACTER_SET_CLIENT */;
/*!40101 SET CHARACTER_SET_RESULTS=@OLD_CHARACTER_SET_RESULTS */;
/*!40101 SET COLLATION_CONNECTION=@OLD_COLLATION_CONNECTION */;
/*!40111 SET SQL_NOTES=@OLD_SQL_NOTES */;

-- Dump completed on 2016-02-07 20:05:47
